<?xml version="1.0" encoding="UTF-8"?>
<!-- IMPORTANT: This is an internal file that has been generated
     by the Xilinx ISE software.  Any direct editing or
     changes made to this file may result in unpredictable
     behavior or data corruption.  It is strongly advised that
     users do not edit the contents of this file. -->
<DeviceUsageSummary rev="6">
<DesignStatistics TimeStamp="Thu Sep 14 18:47:10 2023"><group name="NetStatistics">
<item name="NumNets_Active" rev="6">
<attrib name="value" value="625"/></item>
<item name="NumNets_Gnd" rev="6">
<attrib name="value" value="1"/></item>
<item name="NumNets_Vcc" rev="6">
<attrib name="value" value="1"/></item>
<item name="NumNodesOfType_Active_BRAMADDR" rev="6">
<attrib name="value" value="62"/></item>
<item name="NumNodesOfType_Active_BRAMDUMMY" rev="6">
<attrib name="value" value="57"/></item>
<item name="NumNodesOfType_Active_CLKPIN" rev="6">
<attrib name="value" value="263"/></item>
<item name="NumNodesOfType_Active_CNTRLPIN" rev="6">
<attrib name="value" value="240"/></item>
<item name="NumNodesOfType_Active_DOUBLE" rev="6">
<attrib name="value" value="1023"/></item>
<item name="NumNodesOfType_Active_DUMMY" rev="6">
<attrib name="value" value="832"/></item>
<item name="NumNodesOfType_Active_DUMMYBANK" rev="6">
<attrib name="value" value="45"/></item>
<item name="NumNodesOfType_Active_DUMMYESC" rev="6">
<attrib name="value" value="2"/></item>
<item name="NumNodesOfType_Active_GLOBAL" rev="6">
<attrib name="value" value="96"/></item>
<item name="NumNodesOfType_Active_HFULLHEX" rev="6">
<attrib name="value" value="11"/></item>
<item name="NumNodesOfType_Active_HLONG" rev="6">
<attrib name="value" value="1"/></item>
<item name="NumNodesOfType_Active_HUNIHEX" rev="6">
<attrib name="value" value="36"/></item>
<item name="NumNodesOfType_Active_INPUT" rev="6">
<attrib name="value" value="1350"/></item>
<item name="NumNodesOfType_Active_IOBOUTPUT" rev="6">
<attrib name="value" value="2"/></item>
<item name="NumNodesOfType_Active_OMUX" rev="6">
<attrib name="value" value="655"/></item>
<item name="NumNodesOfType_Active_OUTPUT" rev="6">
<attrib name="value" value="596"/></item>
<item name="NumNodesOfType_Active_PREBXBY" rev="6">
<attrib name="value" value="542"/></item>
<item name="NumNodesOfType_Active_VFULLHEX" rev="6">
<attrib name="value" value="46"/></item>
<item name="NumNodesOfType_Active_VLONG" rev="6">
<attrib name="value" value="12"/></item>
<item name="NumNodesOfType_Active_VUNIHEX" rev="6">
<attrib name="value" value="119"/></item>
<item name="NumNodesOfType_Vcc_BRAMADDR" rev="6">
<attrib name="value" value="1"/></item>
<item name="NumNodesOfType_Vcc_BRAMDUMMY" rev="6">
<attrib name="value" value="4"/></item>
<item name="NumNodesOfType_Vcc_CNTRLPIN" rev="6">
<attrib name="value" value="18"/></item>
<item name="NumNodesOfType_Vcc_DUMMY" rev="6">
<attrib name="value" value="127"/></item>
<item name="NumNodesOfType_Vcc_INPUT" rev="6">
<attrib name="value" value="147"/></item>
<item name="NumNodesOfType_Vcc_PREBXBY" rev="6">
<attrib name="value" value="15"/></item>
<item name="NumNodesOfType_Vcc_VCCOUT" rev="6">
<attrib name="value" value="35"/></item>
</group>
<group name="SiteStatistics">
<item name="IBUF-DIFFM" rev="6">
<attrib name="value" value="2"/></item>
<item name="IOB-DIFFM" rev="6">
<attrib name="value" value="4"/></item>
<item name="IOB-DIFFS" rev="6">
<attrib name="value" value="4"/></item>
<item name="SLICEL-SLICEM" rev="6">
<attrib name="value" value="113"/></item>
</group>
<group name="MiscellaneousStatistics">
<item name="AGG_BONDED_IO" rev="5">
<attrib name="value" value="13"/></item>
<item name="AGG_IO" rev="5">
<attrib name="value" value="13"/></item>
<item name="AGG_SLICE" rev="5">
<attrib name="value" value="329"/></item>
<item name="NUM_4_INPUT_LUT" rev="5">
<attrib name="value" value="327"/></item>
<item name="NUM_BONDED_IBUF" rev="5">
<attrib name="value" value="5"/></item>
<item name="NUM_BONDED_IOB" rev="5">
<attrib name="value" value="8"/></item>
<item name="NUM_BSCAN" rev="5">
<attrib name="value" value="1"/></item>
<item name="NUM_BUFGMUX" rev="5">
<attrib name="value" value="2"/></item>
<item name="NUM_CARRY_SKIP" rev="5">
<attrib name="value" value="3"/></item>
<item name="NUM_CYMUX" rev="5">
<attrib name="value" value="82"/></item>
<item name="NUM_LUT_RT" rev="5">
<attrib name="value" value="56"/></item>
<item name="NUM_RAMB16" rev="5">
<attrib name="value" value="3"/></item>
<item name="NUM_RPM" rev="5">
<attrib name="value" value="12"/></item>
<item name="NUM_SHIFT" rev="5">
<attrib name="value" value="87"/></item>
<item name="NUM_SLICEL" rev="5">
<attrib name="value" value="279"/></item>
<item name="NUM_SLICEM" rev="5">
<attrib name="value" value="50"/></item>
<item name="NUM_SLICE_FF" rev="5">
<attrib name="value" value="368"/></item>
<item name="NUM_SLICE_LATCH" rev="5">
<attrib name="value" value="1"/></item>
<item name="NUM_XOR" rev="5">
<attrib name="value" value="68"/></item>
<item name="Xilinx Core blk_mem_gen_v6_2, Xilinx CORE Generator 13.4" rev="5">
<attrib name="value" value="1"/></item>
<item name="Xilinx Core chipscope_icon_v1_05_a, Xilinx CORE Generator 13.4" rev="5">
<attrib name="value" value="1"/></item>
<item name="Xilinx Core chipscope_ila_v1_04_a, Xilinx CORE Generator 13.4" rev="5">
<attrib name="value" value="1"/></item>
<item name="Xilinx Core chipscope_vio_v1_04_a, Xilinx CORE Generator 13.4" rev="5">
<attrib name="value" value="1"/></item>
</group>
</DesignStatistics>
<DeviceUsage TimeStamp="Thu Sep 14 18:47:10 2023"><group name="SiteSummary">
<item name="BSCAN" rev="6">
<attrib name="total" value="1000000"/><attrib name="used" value="1"/></item>
<item name="BSCAN_BSCAN_BLACKBOX" rev="6">
<attrib name="total" value="1000000"/><attrib name="used" value="1"/></item>
<item name="BUFGMUX" rev="6">
<attrib name="total" value="1000000"/><attrib name="used" value="2"/></item>
<item name="BUFGMUX_GCLKMUX" rev="6">
<attrib name="total" value="1000000"/><attrib name="used" value="2"/></item>
<item name="BUFGMUX_GCLK_BUFFER" rev="6">
<attrib name="total" value="1000000"/><attrib name="used" value="2"/></item>
<item name="IBUF" rev="6">
<attrib name="total" value="1000000"/><attrib name="used" value="5"/></item>
<item name="IBUF_INBUF" rev="6">
<attrib name="total" value="1000000"/><attrib name="used" value="5"/></item>
<item name="IBUF_PAD" rev="6">
<attrib name="total" value="1000000"/><attrib name="used" value="5"/></item>
<item name="IOB" rev="6">
<attrib name="total" value="1000000"/><attrib name="used" value="8"/></item>
<item name="IOB_OUTBUF" rev="6">
<attrib name="total" value="1000000"/><attrib name="used" value="8"/></item>
<item name="IOB_PAD" rev="6">
<attrib name="total" value="1000000"/><attrib name="used" value="8"/></item>
<item name="RAMB16" rev="6">
<attrib name="total" value="1000000"/><attrib name="used" value="3"/></item>
<item name="RAMB16_RAMB16" rev="6">
<attrib name="total" value="1000000"/><attrib name="used" value="3"/></item>
<item name="RAMB16_RAMB16A" rev="6">
<attrib name="total" value="1000000"/><attrib name="used" value="3"/></item>
<item name="RAMB16_RAMB16B" rev="6">
<attrib name="total" value="1000000"/><attrib name="used" value="3"/></item>
<item name="SLICEL" rev="6">
<attrib name="total" value="1000000"/><attrib name="used" value="279"/></item>
<item name="SLICEL_CYMUXF" rev="6">
<attrib name="total" value="1000000"/><attrib name="used" value="36"/></item>
<item name="SLICEL_CYMUXG" rev="6">
<attrib name="total" value="1000000"/><attrib name="used" value="30"/></item>
<item name="SLICEL_F" rev="6">
<attrib name="total" value="1000000"/><attrib name="used" value="116"/></item>
<item name="SLICEL_F5MUX" rev="6">
<attrib name="total" value="1000000"/><attrib name="used" value="13"/></item>
<item name="SLICEL_F6MUX" rev="6">
<attrib name="total" value="1000000"/><attrib name="used" value="4"/></item>
<item name="SLICEL_FFX" rev="6">
<attrib name="total" value="1000000"/><attrib name="used" value="133"/></item>
<item name="SLICEL_FFY" rev="6">
<attrib name="total" value="1000000"/><attrib name="used" value="199"/></item>
<item name="SLICEL_G" rev="6">
<attrib name="total" value="1000000"/><attrib name="used" value="119"/></item>
<item name="SLICEL_GNDF" rev="6">
<attrib name="total" value="1000000"/><attrib name="used" value="32"/></item>
<item name="SLICEL_GNDG" rev="6">
<attrib name="total" value="1000000"/><attrib name="used" value="27"/></item>
<item name="SLICEL_XORF" rev="6">
<attrib name="total" value="1000000"/><attrib name="used" value="33"/></item>
<item name="SLICEL_XORG" rev="6">
<attrib name="total" value="1000000"/><attrib name="used" value="31"/></item>
<item name="SLICEM" rev="6">
<attrib name="total" value="1000000"/><attrib name="used" value="50"/></item>
<item name="SLICEM_CYMUXF" rev="6">
<attrib name="total" value="1000000"/><attrib name="used" value="8"/></item>
<item name="SLICEM_CYMUXG" rev="6">
<attrib name="total" value="1000000"/><attrib name="used" value="8"/></item>
<item name="SLICEM_F" rev="6">
<attrib name="total" value="1000000"/><attrib name="used" value="46"/></item>
<item name="SLICEM_F5MUX" rev="6">
<attrib name="total" value="1000000"/><attrib name="used" value="17"/></item>
<item name="SLICEM_F6MUX" rev="6">
<attrib name="total" value="1000000"/><attrib name="used" value="6"/></item>
<item name="SLICEM_FFX" rev="6">
<attrib name="total" value="1000000"/><attrib name="used" value="20"/></item>
<item name="SLICEM_FFY" rev="6">
<attrib name="total" value="1000000"/><attrib name="used" value="17"/></item>
<item name="SLICEM_FMC15_BLACKBOX" rev="6">
<attrib name="total" value="1000000"/><attrib name="used" value="23"/></item>
<item name="SLICEM_G" rev="6">
<attrib name="total" value="1000000"/><attrib name="used" value="46"/></item>
<item name="SLICEM_GMC15_BLACKBOX" rev="6">
<attrib name="total" value="1000000"/><attrib name="used" value="28"/></item>
<item name="SLICEM_GNDF" rev="6">
<attrib name="total" value="1000000"/><attrib name="used" value="8"/></item>
<item name="SLICEM_GNDG" rev="6">
<attrib name="total" value="1000000"/><attrib name="used" value="5"/></item>
<item name="SLICEM_VDDG" rev="6">
<attrib name="total" value="1000000"/><attrib name="used" value="3"/></item>
<item name="SLICEM_WSGEN" rev="6">
<attrib name="total" value="1000000"/><attrib name="used" value="45"/></item>
<item name="SLICEM_XORF" rev="6">
<attrib name="total" value="1000000"/><attrib name="used" value="4"/></item>
<item name="SLICEM_YBUSED" rev="6">
<attrib name="total" value="1000000"/><attrib name="used" value="3"/></item>
</group>
</DeviceUsage>
<ReportConfigData TimeStamp="Thu Sep 14 18:47:10 2023"><group name="SLICEL_CYMUXF">
<item name="0" rev="6">
<attrib name="0" value="36"/><attrib name="0_INV" value="0"/></item>
<item name="1" rev="6">
<attrib name="1_INV" value="1"/><attrib name="1" value="35"/></item>
</group>
<group name="SLICEL_CYMUXG">
<item name="0" rev="6">
<attrib name="0" value="30"/><attrib name="0_INV" value="0"/></item>
</group>
<group name="IBUF_PAD">
<item name="IOATTRBOX" rev="6">
<attrib name="LVCMOS25" value="5"/></item>
</group>
<group name="SLICEM_F">
<item name="DI" rev="6">
<attrib name="DI" value="42"/><attrib name="DI_INV" value="0"/></item>
<item name="F_ATTR" rev="6">
<attrib name="SHIFT_REG" value="42"/></item>
<item name="LUT_OR_MEM" rev="6">
<attrib name="LUT" value="4"/><attrib name="RAM" value="42"/></item>
</group>
<group name="SLICEM_G">
<item name="DI" rev="6">
<attrib name="DI" value="45"/><attrib name="DI_INV" value="0"/></item>
<item name="G_ATTR" rev="6">
<attrib name="SHIFT_REG" value="45"/></item>
<item name="LUT_OR_MEM" rev="6">
<attrib name="LUT" value="1"/><attrib name="RAM" value="45"/></item>
</group>
<group name="SLICEM_F6MUX">
<item name="S0" rev="6">
<attrib name="S0" value="6"/><attrib name="S0_INV" value="0"/></item>
</group>
<group name="SLICEL">
<item name="BX" rev="6">
<attrib name="BX_INV" value="1"/><attrib name="BX" value="110"/></item>
<item name="BY" rev="6">
<attrib name="BY" value="153"/><attrib name="BY_INV" value="2"/></item>
<item name="CE" rev="6">
<attrib name="CE" value="91"/><attrib name="CE_INV" value="0"/></item>
<item name="CIN" rev="6">
<attrib name="CIN_INV" value="0"/><attrib name="CIN" value="30"/></item>
<item name="CLK" rev="6">
<attrib name="CLK" value="206"/><attrib name="CLK_INV" value="1"/></item>
<item name="SR" rev="6">
<attrib name="SR" value="90"/><attrib name="SR_INV" value="23"/></item>
</group>
<group name="SLICEM">
<item name="BX" rev="6">
<attrib name="BX_INV" value="0"/><attrib name="BX" value="38"/></item>
<item name="BY" rev="6">
<attrib name="BY" value="40"/><attrib name="BY_INV" value="0"/></item>
<item name="CE" rev="6">
<attrib name="CE" value="3"/><attrib name="CE_INV" value="0"/></item>
<item name="CIN" rev="6">
<attrib name="CIN_INV" value="0"/><attrib name="CIN" value="8"/></item>
<item name="CLK" rev="6">
<attrib name="CLK" value="50"/><attrib name="CLK_INV" value="0"/></item>
<item name="SHIFTIN" rev="6">
<attrib name="SHIFTIN_INV" value="0"/><attrib name="SHIFTIN" value="11"/></item>
<item name="SR" rev="6">
<attrib name="SR" value="49"/><attrib name="SR_INV" value="0"/></item>
</group>
<group name="SLICEL_F6MUX">
<item name="S0" rev="6">
<attrib name="S0" value="4"/><attrib name="S0_INV" value="0"/></item>
</group>
<group name="RAMB16">
<item name="CLKA" rev="6">
<attrib name="CLKA_INV" value="0"/><attrib name="CLKA" value="3"/></item>
<item name="CLKB" rev="6">
<attrib name="CLKB_INV" value="0"/><attrib name="CLKB" value="3"/></item>
<item name="ENA" rev="6">
<attrib name="ENA_INV" value="0"/><attrib name="ENA" value="3"/></item>
<item name="ENB" rev="6">
<attrib name="ENB_INV" value="0"/><attrib name="ENB" value="3"/></item>
<item name="SSRA" rev="6">
<attrib name="SSRA_INV" value="0"/><attrib name="SSRA" value="3"/></item>
<item name="SSRB" rev="6">
<attrib name="SSRB_INV" value="0"/><attrib name="SSRB" value="3"/></item>
<item name="WEA" rev="6">
<attrib name="WEA" value="3"/><attrib name="WEA_INV" value="0"/></item>
<item name="WEB" rev="6">
<attrib name="WEB" value="3"/><attrib name="WEB_INV" value="0"/></item>
</group>
<group name="IOB_OUTBUF">
<item name="IN" rev="6">
<attrib name="IN_INV" value="0"/><attrib name="IN" value="8"/></item>
</group>
<group name="RAMB16_RAMB16A">
<item name="CLKA" rev="6">
<attrib name="CLKA_INV" value="0"/><attrib name="CLKA" value="3"/></item>
<item name="ENA" rev="6">
<attrib name="ENA_INV" value="0"/><attrib name="ENA" value="3"/></item>
<item name="PORTA_ATTR" rev="6">
<attrib name="16384X1" value="2"/><attrib name="512X36" value="1"/></item>
<item name="SSRA" rev="6">
<attrib name="SSRA_INV" value="0"/><attrib name="SSRA" value="3"/></item>
<item name="WEA" rev="6">
<attrib name="WEA" value="3"/><attrib name="WEA_INV" value="0"/></item>
<item name="WRITEMODEA" rev="6">
<attrib name="WRITE_FIRST" value="3"/></item>
</group>
<group name="RAMB16_RAMB16B">
<item name="CLKB" rev="6">
<attrib name="CLKB_INV" value="0"/><attrib name="CLKB" value="3"/></item>
<item name="ENB" rev="6">
<attrib name="ENB_INV" value="0"/><attrib name="ENB" value="3"/></item>
<item name="PORTB_ATTR" rev="6">
<attrib name="512X36" value="3"/></item>
<item name="SSRB" rev="6">
<attrib name="SSRB_INV" value="0"/><attrib name="SSRB" value="3"/></item>
<item name="WEB" rev="6">
<attrib name="WEB" value="3"/><attrib name="WEB_INV" value="0"/></item>
<item name="WRITEMODEB" rev="6">
<attrib name="WRITE_FIRST" value="3"/></item>
</group>
<group name="SLICEM_F5MUX">
<item name="S0" rev="6">
<attrib name="S0" value="17"/><attrib name="S0_INV" value="0"/></item>
</group>
<group name="SLICEL_FFX">
<item name="CE" rev="6">
<attrib name="CE" value="61"/><attrib name="CE_INV" value="0"/></item>
<item name="CK" rev="6">
<attrib name="CK" value="133"/><attrib name="CK_INV" value="0"/></item>
<item name="D" rev="6">
<attrib name="D" value="133"/><attrib name="D_INV" value="0"/></item>
<item name="FFX_INIT_ATTR" rev="6">
<attrib name="INIT0" value="104"/><attrib name="INIT1" value="29"/></item>
<item name="FFX_SR_ATTR" rev="6">
<attrib name="SRLOW" value="121"/><attrib name="SRHIGH" value="12"/></item>
<item name="LATCH_OR_FF" rev="6">
<attrib name="FF" value="133"/></item>
<item name="REV" rev="6">
<attrib name="REV_INV" value="0"/><attrib name="REV" value="4"/></item>
<item name="SR" rev="6">
<attrib name="SR" value="59"/><attrib name="SR_INV" value="20"/></item>
<item name="SYNC_ATTR" rev="6">
<attrib name="ASYNC" value="71"/><attrib name="SYNC" value="62"/></item>
</group>
<group name="SLICEL_XORF">
<item name="1" rev="6">
<attrib name="1_INV" value="1"/><attrib name="1" value="32"/></item>
</group>
<group name="SLICEL_FFY">
<item name="CE" rev="6">
<attrib name="CE" value="89"/><attrib name="CE_INV" value="0"/></item>
<item name="CK" rev="6">
<attrib name="CK" value="198"/><attrib name="CK_INV" value="1"/></item>
<item name="D" rev="6">
<attrib name="D" value="197"/><attrib name="D_INV" value="2"/></item>
<item name="FFY_INIT_ATTR" rev="6">
<attrib name="INIT0" value="160"/><attrib name="INIT1" value="39"/></item>
<item name="FFY_SR_ATTR" rev="6">
<attrib name="SRLOW" value="184"/><attrib name="SRHIGH" value="15"/></item>
<item name="LATCH_OR_FF" rev="6">
<attrib name="FF" value="198"/><attrib name="LATCH" value="1"/></item>
<item name="SR" rev="6">
<attrib name="SR" value="83"/><attrib name="SR_INV" value="23"/></item>
<item name="SYNC_ATTR" rev="6">
<attrib name="ASYNC" value="120"/><attrib name="SYNC" value="79"/></item>
</group>
<group name="BUFGMUX_GCLKMUX">
<item name="DISABLE_ATTR" rev="6">
<attrib name="LOW" value="2"/></item>
<item name="S" rev="6">
<attrib name="S_INV" value="2"/><attrib name="S" value="0"/></item>
</group>
<group name="SLICEL_F5MUX">
<item name="S0" rev="6">
<attrib name="S0" value="13"/><attrib name="S0_INV" value="0"/></item>
</group>
<group name="SLICEM_XORF">
<item name="1" rev="6">
<attrib name="1_INV" value="0"/><attrib name="1" value="4"/></item>
</group>
<group name="SLICEM_WSGEN">
<item name="CK" rev="6">
<attrib name="CK" value="45"/><attrib name="CK_INV" value="0"/></item>
<item name="SYNC_ATTR" rev="6">
<attrib name="ASYNC" value="16"/></item>
<item name="WE" rev="6">
<attrib name="WE_INV" value="0"/><attrib name="WE" value="45"/></item>
</group>
<group name="SLICEM_FFX">
<item name="CE" rev="6">
<attrib name="CE" value="3"/><attrib name="CE_INV" value="0"/></item>
<item name="CK" rev="6">
<attrib name="CK" value="20"/><attrib name="CK_INV" value="0"/></item>
<item name="D" rev="6">
<attrib name="D" value="20"/><attrib name="D_INV" value="0"/></item>
<item name="FFX_INIT_ATTR" rev="6">
<attrib name="INIT0" value="19"/><attrib name="INIT1" value="1"/></item>
<item name="FFX_SR_ATTR" rev="6">
<attrib name="SRLOW" value="19"/><attrib name="SRHIGH" value="1"/></item>
<item name="LATCH_OR_FF" rev="6">
<attrib name="FF" value="20"/></item>
<item name="SR" rev="6">
<attrib name="SR" value="4"/><attrib name="SR_INV" value="0"/></item>
<item name="SYNC_ATTR" rev="6">
<attrib name="ASYNC" value="16"/><attrib name="SYNC" value="4"/></item>
</group>
<group name="SLICEM_FFY">
<item name="CK" rev="6">
<attrib name="CK" value="17"/><attrib name="CK_INV" value="0"/></item>
<item name="D" rev="6">
<attrib name="D" value="17"/><attrib name="D_INV" value="0"/></item>
<item name="FFY_INIT_ATTR" rev="6">
<attrib name="INIT0" value="17"/></item>
<item name="FFY_SR_ATTR" rev="6">
<attrib name="SRLOW" value="17"/></item>
<item name="LATCH_OR_FF" rev="6">
<attrib name="FF" value="17"/></item>
<item name="SYNC_ATTR" rev="6">
<attrib name="ASYNC" value="16"/><attrib name="SYNC" value="1"/></item>
</group>
<group name="IOB_PAD">
<item name="DRIVEATTRBOX" rev="6">
<attrib name="12" value="8"/></item>
<item name="IOATTRBOX" rev="6">
<attrib name="LVCMOS25" value="8"/></item>
<item name="SLEW" rev="6">
<attrib name="SLOW" value="8"/></item>
</group>
<group name="SLICEM_CYMUXF">
<item name="0" rev="6">
<attrib name="0" value="8"/><attrib name="0_INV" value="0"/></item>
<item name="1" rev="6">
<attrib name="1_INV" value="0"/><attrib name="1" value="8"/></item>
</group>
<group name="SLICEM_CYMUXG">
<item name="0" rev="6">
<attrib name="0" value="5"/><attrib name="0_INV" value="0"/></item>
</group>
<group name="IOB">
<item name="O1" rev="6">
<attrib name="O1_INV" value="0"/><attrib name="O1" value="8"/></item>
</group>
<group name="BUFGMUX">
<item name="S" rev="6">
<attrib name="S_INV" value="2"/><attrib name="S" value="0"/></item>
</group>
</ReportConfigData>
<ReportPinData TimeStamp="Thu Sep 14 18:47:10 2023"><group name="SLICEL_CYMUXF">
<item name="0" rev="6">
<attrib name="value" value="36"/></item>
<item name="1" rev="6">
<attrib name="value" value="36"/></item>
<item name="OUT" rev="6">
<attrib name="value" value="36"/></item>
<item name="S0" rev="6">
<attrib name="value" value="36"/></item>
</group>
<group name="SLICEL_CYMUXG">
<item name="0" rev="6">
<attrib name="value" value="30"/></item>
<item name="1" rev="6">
<attrib name="value" value="30"/></item>
<item name="OUT" rev="6">
<attrib name="value" value="30"/></item>
<item name="S0" rev="6">
<attrib name="value" value="30"/></item>
</group>
<group name="SLICEM_FMC15_BLACKBOX">
<item name="MC15" rev="6">
<attrib name="value" value="23"/></item>
<item name="WS2" rev="6">
<attrib name="value" value="23"/></item>
</group>
<group name="IBUF_PAD">
<item name="PAD" rev="6">
<attrib name="value" value="5"/></item>
</group>
<group name="IBUF_INBUF">
<item name="IN" rev="6">
<attrib name="value" value="5"/></item>
<item name="OUT" rev="6">
<attrib name="value" value="5"/></item>
</group>
<group name="SLICEM_F">
<item name="A1" rev="6">
<attrib name="value" value="42"/></item>
<item name="A2" rev="6">
<attrib name="value" value="42"/></item>
<item name="A3" rev="6">
<attrib name="value" value="42"/></item>
<item name="A4" rev="6">
<attrib name="value" value="42"/></item>
<item name="D" rev="6">
<attrib name="value" value="46"/></item>
<item name="DI" rev="6">
<attrib name="value" value="42"/></item>
<item name="WS" rev="6">
<attrib name="value" value="42"/></item>
</group>
<group name="SLICEM_G">
<item name="A1" rev="6">
<attrib name="value" value="46"/></item>
<item name="A2" rev="6">
<attrib name="value" value="46"/></item>
<item name="A3" rev="6">
<attrib name="value" value="46"/></item>
<item name="A4" rev="6">
<attrib name="value" value="45"/></item>
<item name="D" rev="6">
<attrib name="value" value="43"/></item>
<item name="DI" rev="6">
<attrib name="value" value="45"/></item>
<item name="WS" rev="6">
<attrib name="value" value="45"/></item>
</group>
<group name="BUFGMUX_GCLK_BUFFER">
<item name="IN" rev="6">
<attrib name="value" value="2"/></item>
<item name="OUT" rev="6">
<attrib name="value" value="2"/></item>
</group>
<group name="SLICEM_F6MUX">
<item name="0" rev="6">
<attrib name="value" value="6"/></item>
<item name="1" rev="6">
<attrib name="value" value="6"/></item>
<item name="OUT" rev="6">
<attrib name="value" value="6"/></item>
<item name="S0" rev="6">
<attrib name="value" value="6"/></item>
</group>
<group name="SLICEL">
<item name="BX" rev="6">
<attrib name="value" value="111"/></item>
<item name="BY" rev="6">
<attrib name="value" value="155"/></item>
<item name="CE" rev="6">
<attrib name="value" value="91"/></item>
<item name="CIN" rev="6">
<attrib name="value" value="30"/></item>
<item name="CLK" rev="6">
<attrib name="value" value="207"/></item>
<item name="COUT" rev="6">
<attrib name="value" value="30"/></item>
<item name="F1" rev="6">
<attrib name="value" value="115"/></item>
<item name="F2" rev="6">
<attrib name="value" value="86"/></item>
<item name="F3" rev="6">
<attrib name="value" value="65"/></item>
<item name="F4" rev="6">
<attrib name="value" value="44"/></item>
<item name="F5" rev="6">
<attrib name="value" value="8"/></item>
<item name="FXINA" rev="6">
<attrib name="value" value="4"/></item>
<item name="FXINB" rev="6">
<attrib name="value" value="4"/></item>
<item name="G1" rev="6">
<attrib name="value" value="118"/></item>
<item name="G2" rev="6">
<attrib name="value" value="91"/></item>
<item name="G3" rev="6">
<attrib name="value" value="68"/></item>
<item name="G4" rev="6">
<attrib name="value" value="45"/></item>
<item name="SR" rev="6">
<attrib name="value" value="113"/></item>
<item name="X" rev="6">
<attrib name="value" value="61"/></item>
<item name="XB" rev="6">
<attrib name="value" value="1"/></item>
<item name="XQ" rev="6">
<attrib name="value" value="133"/></item>
<item name="Y" rev="6">
<attrib name="value" value="59"/></item>
<item name="YQ" rev="6">
<attrib name="value" value="199"/></item>
</group>
<group name="SLICEM">
<item name="BX" rev="6">
<attrib name="value" value="38"/></item>
<item name="BY" rev="6">
<attrib name="value" value="40"/></item>
<item name="CE" rev="6">
<attrib name="value" value="3"/></item>
<item name="CIN" rev="6">
<attrib name="value" value="8"/></item>
<item name="CLK" rev="6">
<attrib name="value" value="50"/></item>
<item name="COUT" rev="6">
<attrib name="value" value="8"/></item>
<item name="F1" rev="6">
<attrib name="value" value="42"/></item>
<item name="F2" rev="6">
<attrib name="value" value="42"/></item>
<item name="F3" rev="6">
<attrib name="value" value="42"/></item>
<item name="F4" rev="6">
<attrib name="value" value="42"/></item>
<item name="F5" rev="6">
<attrib name="value" value="12"/></item>
<item name="FXINA" rev="6">
<attrib name="value" value="6"/></item>
<item name="FXINB" rev="6">
<attrib name="value" value="6"/></item>
<item name="G1" rev="6">
<attrib name="value" value="46"/></item>
<item name="G2" rev="6">
<attrib name="value" value="46"/></item>
<item name="G3" rev="6">
<attrib name="value" value="46"/></item>
<item name="G4" rev="6">
<attrib name="value" value="45"/></item>
<item name="SHIFTIN" rev="6">
<attrib name="value" value="11"/></item>
<item name="SHIFTOUT" rev="6">
<attrib name="value" value="11"/></item>
<item name="SR" rev="6">
<attrib name="value" value="49"/></item>
<item name="X" rev="6">
<attrib name="value" value="6"/></item>
<item name="XB" rev="6">
<attrib name="value" value="12"/></item>
<item name="XQ" rev="6">
<attrib name="value" value="20"/></item>
<item name="Y" rev="6">
<attrib name="value" value="10"/></item>
<item name="YB" rev="6">
<attrib name="value" value="3"/></item>
<item name="YQ" rev="6">
<attrib name="value" value="17"/></item>
</group>
<group name="SLICEL_F6MUX">
<item name="0" rev="6">
<attrib name="value" value="4"/></item>
<item name="1" rev="6">
<attrib name="value" value="4"/></item>
<item name="OUT" rev="6">
<attrib name="value" value="4"/></item>
<item name="S0" rev="6">
<attrib name="value" value="4"/></item>
</group>
<group name="RAMB16">
<item name="ADDRA0" rev="6">
<attrib name="value" value="2"/></item>
<item name="ADDRA1" rev="6">
<attrib name="value" value="2"/></item>
<item name="ADDRA10" rev="6">
<attrib name="value" value="3"/></item>
<item name="ADDRA11" rev="6">
<attrib name="value" value="3"/></item>
<item name="ADDRA12" rev="6">
<attrib name="value" value="3"/></item>
<item name="ADDRA13" rev="6">
<attrib name="value" value="3"/></item>
<item name="ADDRA2" rev="6">
<attrib name="value" value="2"/></item>
<item name="ADDRA3" rev="6">
<attrib name="value" value="2"/></item>
<item name="ADDRA4" rev="6">
<attrib name="value" value="2"/></item>
<item name="ADDRA5" rev="6">
<attrib name="value" value="3"/></item>
<item name="ADDRA6" rev="6">
<attrib name="value" value="3"/></item>
<item name="ADDRA7" rev="6">
<attrib name="value" value="3"/></item>
<item name="ADDRA8" rev="6">
<attrib name="value" value="3"/></item>
<item name="ADDRA9" rev="6">
<attrib name="value" value="3"/></item>
<item name="ADDRB10" rev="6">
<attrib name="value" value="3"/></item>
<item name="ADDRB11" rev="6">
<attrib name="value" value="3"/></item>
<item name="ADDRB12" rev="6">
<attrib name="value" value="3"/></item>
<item name="ADDRB13" rev="6">
<attrib name="value" value="3"/></item>
<item name="ADDRB5" rev="6">
<attrib name="value" value="3"/></item>
<item name="ADDRB6" rev="6">
<attrib name="value" value="3"/></item>
<item name="ADDRB7" rev="6">
<attrib name="value" value="3"/></item>
<item name="ADDRB8" rev="6">
<attrib name="value" value="3"/></item>
<item name="ADDRB9" rev="6">
<attrib name="value" value="3"/></item>
<item name="CLKA" rev="6">
<attrib name="value" value="3"/></item>
<item name="CLKB" rev="6">
<attrib name="value" value="3"/></item>
<item name="DIA0" rev="6">
<attrib name="value" value="3"/></item>
<item name="DIA1" rev="6">
<attrib name="value" value="1"/></item>
<item name="DIA10" rev="6">
<attrib name="value" value="1"/></item>
<item name="DIA11" rev="6">
<attrib name="value" value="1"/></item>
<item name="DIA12" rev="6">
<attrib name="value" value="1"/></item>
<item name="DIA13" rev="6">
<attrib name="value" value="1"/></item>
<item name="DIA14" rev="6">
<attrib name="value" value="1"/></item>
<item name="DIA15" rev="6">
<attrib name="value" value="1"/></item>
<item name="DIA16" rev="6">
<attrib name="value" value="1"/></item>
<item name="DIA17" rev="6">
<attrib name="value" value="1"/></item>
<item name="DIA18" rev="6">
<attrib name="value" value="1"/></item>
<item name="DIA19" rev="6">
<attrib name="value" value="1"/></item>
<item name="DIA2" rev="6">
<attrib name="value" value="1"/></item>
<item name="DIA20" rev="6">
<attrib name="value" value="1"/></item>
<item name="DIA21" rev="6">
<attrib name="value" value="1"/></item>
<item name="DIA22" rev="6">
<attrib name="value" value="1"/></item>
<item name="DIA23" rev="6">
<attrib name="value" value="1"/></item>
<item name="DIA24" rev="6">
<attrib name="value" value="1"/></item>
<item name="DIA25" rev="6">
<attrib name="value" value="1"/></item>
<item name="DIA26" rev="6">
<attrib name="value" value="1"/></item>
<item name="DIA27" rev="6">
<attrib name="value" value="1"/></item>
<item name="DIA28" rev="6">
<attrib name="value" value="1"/></item>
<item name="DIA29" rev="6">
<attrib name="value" value="1"/></item>
<item name="DIA3" rev="6">
<attrib name="value" value="1"/></item>
<item name="DIA30" rev="6">
<attrib name="value" value="1"/></item>
<item name="DIA31" rev="6">
<attrib name="value" value="1"/></item>
<item name="DIA4" rev="6">
<attrib name="value" value="1"/></item>
<item name="DIA5" rev="6">
<attrib name="value" value="1"/></item>
<item name="DIA6" rev="6">
<attrib name="value" value="1"/></item>
<item name="DIA7" rev="6">
<attrib name="value" value="1"/></item>
<item name="DIA8" rev="6">
<attrib name="value" value="1"/></item>
<item name="DIA9" rev="6">
<attrib name="value" value="1"/></item>
<item name="DIB0" rev="6">
<attrib name="value" value="3"/></item>
<item name="DIB1" rev="6">
<attrib name="value" value="3"/></item>
<item name="DIB10" rev="6">
<attrib name="value" value="3"/></item>
<item name="DIB11" rev="6">
<attrib name="value" value="3"/></item>
<item name="DIB12" rev="6">
<attrib name="value" value="3"/></item>
<item name="DIB13" rev="6">
<attrib name="value" value="3"/></item>
<item name="DIB14" rev="6">
<attrib name="value" value="3"/></item>
<item name="DIB15" rev="6">
<attrib name="value" value="3"/></item>
<item name="DIB16" rev="6">
<attrib name="value" value="3"/></item>
<item name="DIB17" rev="6">
<attrib name="value" value="3"/></item>
<item name="DIB18" rev="6">
<attrib name="value" value="3"/></item>
<item name="DIB19" rev="6">
<attrib name="value" value="3"/></item>
<item name="DIB2" rev="6">
<attrib name="value" value="3"/></item>
<item name="DIB20" rev="6">
<attrib name="value" value="3"/></item>
<item name="DIB21" rev="6">
<attrib name="value" value="3"/></item>
<item name="DIB22" rev="6">
<attrib name="value" value="3"/></item>
<item name="DIB23" rev="6">
<attrib name="value" value="3"/></item>
<item name="DIB24" rev="6">
<attrib name="value" value="3"/></item>
<item name="DIB25" rev="6">
<attrib name="value" value="3"/></item>
<item name="DIB26" rev="6">
<attrib name="value" value="3"/></item>
<item name="DIB27" rev="6">
<attrib name="value" value="3"/></item>
<item name="DIB28" rev="6">
<attrib name="value" value="3"/></item>
<item name="DIB29" rev="6">
<attrib name="value" value="3"/></item>
<item name="DIB3" rev="6">
<attrib name="value" value="3"/></item>
<item name="DIB30" rev="6">
<attrib name="value" value="3"/></item>
<item name="DIB31" rev="6">
<attrib name="value" value="3"/></item>
<item name="DIB4" rev="6">
<attrib name="value" value="3"/></item>
<item name="DIB5" rev="6">
<attrib name="value" value="3"/></item>
<item name="DIB6" rev="6">
<attrib name="value" value="3"/></item>
<item name="DIB7" rev="6">
<attrib name="value" value="3"/></item>
<item name="DIB8" rev="6">
<attrib name="value" value="3"/></item>
<item name="DIB9" rev="6">
<attrib name="value" value="3"/></item>
<item name="DIPA0" rev="6">
<attrib name="value" value="1"/></item>
<item name="DIPA1" rev="6">
<attrib name="value" value="1"/></item>
<item name="DIPA2" rev="6">
<attrib name="value" value="1"/></item>
<item name="DIPA3" rev="6">
<attrib name="value" value="1"/></item>
<item name="DIPB0" rev="6">
<attrib name="value" value="3"/></item>
<item name="DIPB1" rev="6">
<attrib name="value" value="3"/></item>
<item name="DIPB2" rev="6">
<attrib name="value" value="3"/></item>
<item name="DIPB3" rev="6">
<attrib name="value" value="3"/></item>
<item name="DOA0" rev="6">
<attrib name="value" value="3"/></item>
<item name="DOA16" rev="6">
<attrib name="value" value="1"/></item>
<item name="DOA24" rev="6">
<attrib name="value" value="1"/></item>
<item name="DOA8" rev="6">
<attrib name="value" value="1"/></item>
<item name="DOB0" rev="6">
<attrib name="value" value="1"/></item>
<item name="DOB16" rev="6">
<attrib name="value" value="1"/></item>
<item name="DOB24" rev="6">
<attrib name="value" value="1"/></item>
<item name="DOB8" rev="6">
<attrib name="value" value="1"/></item>
<item name="ENA" rev="6">
<attrib name="value" value="3"/></item>
<item name="ENB" rev="6">
<attrib name="value" value="3"/></item>
<item name="SSRA" rev="6">
<attrib name="value" value="3"/></item>
<item name="SSRB" rev="6">
<attrib name="value" value="3"/></item>
<item name="WEA" rev="6">
<attrib name="value" value="3"/></item>
<item name="WEB" rev="6">
<attrib name="value" value="3"/></item>
</group>
<group name="SLICEM_GNDF">
<item name="0" rev="6">
<attrib name="value" value="8"/></item>
</group>
<group name="SLICEM_GNDG">
<item name="0" rev="6">
<attrib name="value" value="5"/></item>
</group>
<group name="IOB_OUTBUF">
<item name="IN" rev="6">
<attrib name="value" value="8"/></item>
<item name="OUT" rev="6">
<attrib name="value" value="8"/></item>
</group>
<group name="BSCAN">
<item name="DRCK1" rev="6">
<attrib name="value" value="1"/></item>
<item name="SEL1" rev="6">
<attrib name="value" value="1"/></item>
<item name="SHIFT" rev="6">
<attrib name="value" value="1"/></item>
<item name="TDI" rev="6">
<attrib name="value" value="1"/></item>
<item name="TDO1" rev="6">
<attrib name="value" value="1"/></item>
<item name="TDO2" rev="6">
<attrib name="value" value="1"/></item>
<item name="UPDATE" rev="6">
<attrib name="value" value="1"/></item>
</group>
<group name="RAMB16_RAMB16A">
<item name="ADDRA" rev="6">
<attrib name="value" value="3"/></item>
<item name="ADDRA0" rev="6">
<attrib name="value" value="2"/></item>
<item name="ADDRA1" rev="6">
<attrib name="value" value="2"/></item>
<item name="ADDRA10" rev="6">
<attrib name="value" value="3"/></item>
<item name="ADDRA11" rev="6">
<attrib name="value" value="3"/></item>
<item name="ADDRA12" rev="6">
<attrib name="value" value="3"/></item>
<item name="ADDRA13" rev="6">
<attrib name="value" value="3"/></item>
<item name="ADDRA2" rev="6">
<attrib name="value" value="2"/></item>
<item name="ADDRA3" rev="6">
<attrib name="value" value="2"/></item>
<item name="ADDRA4" rev="6">
<attrib name="value" value="2"/></item>
<item name="ADDRA5" rev="6">
<attrib name="value" value="3"/></item>
<item name="ADDRA6" rev="6">
<attrib name="value" value="3"/></item>
<item name="ADDRA7" rev="6">
<attrib name="value" value="3"/></item>
<item name="ADDRA8" rev="6">
<attrib name="value" value="3"/></item>
<item name="ADDRA9" rev="6">
<attrib name="value" value="3"/></item>
<item name="CLKA" rev="6">
<attrib name="value" value="3"/></item>
<item name="DIA" rev="6">
<attrib name="value" value="3"/></item>
<item name="DIA0" rev="6">
<attrib name="value" value="3"/></item>
<item name="DIA1" rev="6">
<attrib name="value" value="1"/></item>
<item name="DIA10" rev="6">
<attrib name="value" value="1"/></item>
<item name="DIA11" rev="6">
<attrib name="value" value="1"/></item>
<item name="DIA12" rev="6">
<attrib name="value" value="1"/></item>
<item name="DIA13" rev="6">
<attrib name="value" value="1"/></item>
<item name="DIA14" rev="6">
<attrib name="value" value="1"/></item>
<item name="DIA15" rev="6">
<attrib name="value" value="1"/></item>
<item name="DIA16" rev="6">
<attrib name="value" value="1"/></item>
<item name="DIA17" rev="6">
<attrib name="value" value="1"/></item>
<item name="DIA18" rev="6">
<attrib name="value" value="1"/></item>
<item name="DIA19" rev="6">
<attrib name="value" value="1"/></item>
<item name="DIA2" rev="6">
<attrib name="value" value="1"/></item>
<item name="DIA20" rev="6">
<attrib name="value" value="1"/></item>
<item name="DIA21" rev="6">
<attrib name="value" value="1"/></item>
<item name="DIA22" rev="6">
<attrib name="value" value="1"/></item>
<item name="DIA23" rev="6">
<attrib name="value" value="1"/></item>
<item name="DIA24" rev="6">
<attrib name="value" value="1"/></item>
<item name="DIA25" rev="6">
<attrib name="value" value="1"/></item>
<item name="DIA26" rev="6">
<attrib name="value" value="1"/></item>
<item name="DIA27" rev="6">
<attrib name="value" value="1"/></item>
<item name="DIA28" rev="6">
<attrib name="value" value="1"/></item>
<item name="DIA29" rev="6">
<attrib name="value" value="1"/></item>
<item name="DIA3" rev="6">
<attrib name="value" value="1"/></item>
<item name="DIA30" rev="6">
<attrib name="value" value="1"/></item>
<item name="DIA31" rev="6">
<attrib name="value" value="1"/></item>
<item name="DIA4" rev="6">
<attrib name="value" value="1"/></item>
<item name="DIA5" rev="6">
<attrib name="value" value="1"/></item>
<item name="DIA6" rev="6">
<attrib name="value" value="1"/></item>
<item name="DIA7" rev="6">
<attrib name="value" value="1"/></item>
<item name="DIA8" rev="6">
<attrib name="value" value="1"/></item>
<item name="DIA9" rev="6">
<attrib name="value" value="1"/></item>
<item name="DIPA0" rev="6">
<attrib name="value" value="1"/></item>
<item name="DIPA1" rev="6">
<attrib name="value" value="1"/></item>
<item name="DIPA2" rev="6">
<attrib name="value" value="1"/></item>
<item name="DIPA3" rev="6">
<attrib name="value" value="1"/></item>
<item name="DOA" rev="6">
<attrib name="value" value="3"/></item>
<item name="DOA0" rev="6">
<attrib name="value" value="3"/></item>
<item name="DOA16" rev="6">
<attrib name="value" value="1"/></item>
<item name="DOA24" rev="6">
<attrib name="value" value="1"/></item>
<item name="DOA8" rev="6">
<attrib name="value" value="1"/></item>
<item name="ENA" rev="6">
<attrib name="value" value="3"/></item>
<item name="SSRA" rev="6">
<attrib name="value" value="3"/></item>
<item name="WEA" rev="6">
<attrib name="value" value="3"/></item>
</group>
<group name="RAMB16_RAMB16B">
<item name="ADDRB" rev="6">
<attrib name="value" value="3"/></item>
<item name="ADDRB10" rev="6">
<attrib name="value" value="3"/></item>
<item name="ADDRB11" rev="6">
<attrib name="value" value="3"/></item>
<item name="ADDRB12" rev="6">
<attrib name="value" value="3"/></item>
<item name="ADDRB13" rev="6">
<attrib name="value" value="3"/></item>
<item name="ADDRB5" rev="6">
<attrib name="value" value="3"/></item>
<item name="ADDRB6" rev="6">
<attrib name="value" value="3"/></item>
<item name="ADDRB7" rev="6">
<attrib name="value" value="3"/></item>
<item name="ADDRB8" rev="6">
<attrib name="value" value="3"/></item>
<item name="ADDRB9" rev="6">
<attrib name="value" value="3"/></item>
<item name="CLKB" rev="6">
<attrib name="value" value="3"/></item>
<item name="DIB" rev="6">
<attrib name="value" value="3"/></item>
<item name="DIB0" rev="6">
<attrib name="value" value="3"/></item>
<item name="DIB1" rev="6">
<attrib name="value" value="3"/></item>
<item name="DIB10" rev="6">
<attrib name="value" value="3"/></item>
<item name="DIB11" rev="6">
<attrib name="value" value="3"/></item>
<item name="DIB12" rev="6">
<attrib name="value" value="3"/></item>
<item name="DIB13" rev="6">
<attrib name="value" value="3"/></item>
<item name="DIB14" rev="6">
<attrib name="value" value="3"/></item>
<item name="DIB15" rev="6">
<attrib name="value" value="3"/></item>
<item name="DIB16" rev="6">
<attrib name="value" value="3"/></item>
<item name="DIB17" rev="6">
<attrib name="value" value="3"/></item>
<item name="DIB18" rev="6">
<attrib name="value" value="3"/></item>
<item name="DIB19" rev="6">
<attrib name="value" value="3"/></item>
<item name="DIB2" rev="6">
<attrib name="value" value="3"/></item>
<item name="DIB20" rev="6">
<attrib name="value" value="3"/></item>
<item name="DIB21" rev="6">
<attrib name="value" value="3"/></item>
<item name="DIB22" rev="6">
<attrib name="value" value="3"/></item>
<item name="DIB23" rev="6">
<attrib name="value" value="3"/></item>
<item name="DIB24" rev="6">
<attrib name="value" value="3"/></item>
<item name="DIB25" rev="6">
<attrib name="value" value="3"/></item>
<item name="DIB26" rev="6">
<attrib name="value" value="3"/></item>
<item name="DIB27" rev="6">
<attrib name="value" value="3"/></item>
<item name="DIB28" rev="6">
<attrib name="value" value="3"/></item>
<item name="DIB29" rev="6">
<attrib name="value" value="3"/></item>
<item name="DIB3" rev="6">
<attrib name="value" value="3"/></item>
<item name="DIB30" rev="6">
<attrib name="value" value="3"/></item>
<item name="DIB31" rev="6">
<attrib name="value" value="3"/></item>
<item name="DIB4" rev="6">
<attrib name="value" value="3"/></item>
<item name="DIB5" rev="6">
<attrib name="value" value="3"/></item>
<item name="DIB6" rev="6">
<attrib name="value" value="3"/></item>
<item name="DIB7" rev="6">
<attrib name="value" value="3"/></item>
<item name="DIB8" rev="6">
<attrib name="value" value="3"/></item>
<item name="DIB9" rev="6">
<attrib name="value" value="3"/></item>
<item name="DIPB0" rev="6">
<attrib name="value" value="3"/></item>
<item name="DIPB1" rev="6">
<attrib name="value" value="3"/></item>
<item name="DIPB2" rev="6">
<attrib name="value" value="3"/></item>
<item name="DIPB3" rev="6">
<attrib name="value" value="3"/></item>
<item name="DOB" rev="6">
<attrib name="value" value="3"/></item>
<item name="DOB0" rev="6">
<attrib name="value" value="1"/></item>
<item name="DOB16" rev="6">
<attrib name="value" value="1"/></item>
<item name="DOB24" rev="6">
<attrib name="value" value="1"/></item>
<item name="DOB8" rev="6">
<attrib name="value" value="1"/></item>
<item name="ENB" rev="6">
<attrib name="value" value="3"/></item>
<item name="SSRB" rev="6">
<attrib name="value" value="3"/></item>
<item name="WEB" rev="6">
<attrib name="value" value="3"/></item>
</group>
<group name="IBUF">
<item name="I" rev="6">
<attrib name="value" value="5"/></item>
<item name="PAD" rev="6">
<attrib name="value" value="5"/></item>
</group>
<group name="SLICEM_F5MUX">
<item name="F" rev="6">
<attrib name="value" value="17"/></item>
<item name="G" rev="6">
<attrib name="value" value="17"/></item>
<item name="OUT" rev="6">
<attrib name="value" value="17"/></item>
<item name="S0" rev="6">
<attrib name="value" value="17"/></item>
</group>
<group name="SLICEL_FFX">
<item name="CE" rev="6">
<attrib name="value" value="61"/></item>
<item name="CK" rev="6">
<attrib name="value" value="133"/></item>
<item name="D" rev="6">
<attrib name="value" value="133"/></item>
<item name="Q" rev="6">
<attrib name="value" value="133"/></item>
<item name="REV" rev="6">
<attrib name="value" value="4"/></item>
<item name="SR" rev="6">
<attrib name="value" value="79"/></item>
</group>
<group name="SLICEL_XORF">
<item name="0" rev="6">
<attrib name="value" value="33"/></item>
<item name="1" rev="6">
<attrib name="value" value="33"/></item>
<item name="O" rev="6">
<attrib name="value" value="33"/></item>
</group>
<group name="SLICEL_FFY">
<item name="CE" rev="6">
<attrib name="value" value="89"/></item>
<item name="CK" rev="6">
<attrib name="value" value="199"/></item>
<item name="D" rev="6">
<attrib name="value" value="199"/></item>
<item name="Q" rev="6">
<attrib name="value" value="199"/></item>
<item name="SR" rev="6">
<attrib name="value" value="106"/></item>
</group>
<group name="SLICEL_XORG">
<item name="0" rev="6">
<attrib name="value" value="31"/></item>
<item name="1" rev="6">
<attrib name="value" value="31"/></item>
<item name="O" rev="6">
<attrib name="value" value="31"/></item>
</group>
<group name="BUFGMUX_GCLKMUX">
<item name="I0" rev="6">
<attrib name="value" value="2"/></item>
<item name="OUT" rev="6">
<attrib name="value" value="2"/></item>
<item name="S" rev="6">
<attrib name="value" value="2"/></item>
</group>
<group name="SLICEL_F5MUX">
<item name="F" rev="6">
<attrib name="value" value="13"/></item>
<item name="G" rev="6">
<attrib name="value" value="13"/></item>
<item name="OUT" rev="6">
<attrib name="value" value="13"/></item>
<item name="S0" rev="6">
<attrib name="value" value="13"/></item>
</group>
<group name="BSCAN_BSCAN_BLACKBOX">
<item name="DRCK1" rev="6">
<attrib name="value" value="1"/></item>
<item name="SEL1" rev="6">
<attrib name="value" value="1"/></item>
<item name="SHIFT" rev="6">
<attrib name="value" value="1"/></item>
<item name="TDI" rev="6">
<attrib name="value" value="1"/></item>
<item name="TDO1" rev="6">
<attrib name="value" value="1"/></item>
<item name="TDO2" rev="6">
<attrib name="value" value="1"/></item>
<item name="UPDATE" rev="6">
<attrib name="value" value="1"/></item>
</group>
<group name="SLICEM_VDDG">
<item name="1" rev="6">
<attrib name="value" value="3"/></item>
</group>
<group name="SLICEM_GMC15_BLACKBOX">
<item name="MC15" rev="6">
<attrib name="value" value="28"/></item>
<item name="WS2" rev="6">
<attrib name="value" value="28"/></item>
</group>
<group name="SLICEM_XORF">
<item name="0" rev="6">
<attrib name="value" value="4"/></item>
<item name="1" rev="6">
<attrib name="value" value="4"/></item>
<item name="O" rev="6">
<attrib name="value" value="4"/></item>
</group>
<group name="SLICEM_WSGEN">
<item name="CK" rev="6">
<attrib name="value" value="45"/></item>
<item name="WE" rev="6">
<attrib name="value" value="45"/></item>
<item name="WSF" rev="6">
<attrib name="value" value="42"/></item>
<item name="WSG" rev="6">
<attrib name="value" value="45"/></item>
</group>
<group name="SLICEM_FFX">
<item name="CE" rev="6">
<attrib name="value" value="3"/></item>
<item name="CK" rev="6">
<attrib name="value" value="20"/></item>
<item name="D" rev="6">
<attrib name="value" value="20"/></item>
<item name="Q" rev="6">
<attrib name="value" value="20"/></item>
<item name="SR" rev="6">
<attrib name="value" value="4"/></item>
</group>
<group name="SLICEM_FFY">
<item name="CK" rev="6">
<attrib name="value" value="17"/></item>
<item name="D" rev="6">
<attrib name="value" value="17"/></item>
<item name="Q" rev="6">
<attrib name="value" value="17"/></item>
</group>
<group name="IOB_PAD">
<item name="PAD" rev="6">
<attrib name="value" value="8"/></item>
</group>
<group name="SLICEM_CYMUXF">
<item name="0" rev="6">
<attrib name="value" value="8"/></item>
<item name="1" rev="6">
<attrib name="value" value="8"/></item>
<item name="OUT" rev="6">
<attrib name="value" value="8"/></item>
<item name="S0" rev="6">
<attrib name="value" value="8"/></item>
</group>
<group name="SLICEM_CYMUXG">
<item name="0" rev="6">
<attrib name="value" value="5"/></item>
<item name="1" rev="6">
<attrib name="value" value="8"/></item>
<item name="OUT" rev="6">
<attrib name="value" value="8"/></item>
<item name="S0" rev="6">
<attrib name="value" value="8"/></item>
</group>
<group name="IOB">
<item name="O1" rev="6">
<attrib name="value" value="8"/></item>
<item name="PAD" rev="6">
<attrib name="value" value="8"/></item>
</group>
<group name="BUFGMUX">
<item name="I0" rev="6">
<attrib name="value" value="2"/></item>
<item name="O" rev="6">
<attrib name="value" value="2"/></item>
<item name="S" rev="6">
<attrib name="value" value="2"/></item>
</group>
<group name="SLICEM_YBUSED">
<item name="0" rev="6">
<attrib name="value" value="3"/></item>
<item name="OUT" rev="6">
<attrib name="value" value="3"/></item>
</group>
<group name="SLICEL_F">
<item name="A1" rev="6">
<attrib name="value" value="115"/></item>
<item name="A2" rev="6">
<attrib name="value" value="86"/></item>
<item name="A3" rev="6">
<attrib name="value" value="65"/></item>
<item name="A4" rev="6">
<attrib name="value" value="44"/></item>
<item name="D" rev="6">
<attrib name="value" value="116"/></item>
</group>
<group name="SLICEL_G">
<item name="A1" rev="6">
<attrib name="value" value="118"/></item>
<item name="A2" rev="6">
<attrib name="value" value="91"/></item>
<item name="A3" rev="6">
<attrib name="value" value="68"/></item>
<item name="A4" rev="6">
<attrib name="value" value="45"/></item>
<item name="D" rev="6">
<attrib name="value" value="119"/></item>
</group>
<group name="RAMB16_RAMB16">
<item name="ADDRA" rev="6">
<attrib name="value" value="3"/></item>
<item name="ADDRB" rev="6">
<attrib name="value" value="3"/></item>
<item name="DIA" rev="6">
<attrib name="value" value="3"/></item>
<item name="DIB" rev="6">
<attrib name="value" value="3"/></item>
<item name="DOA" rev="6">
<attrib name="value" value="3"/></item>
<item name="DOB" rev="6">
<attrib name="value" value="3"/></item>
</group>
<group name="SLICEL_GNDF">
<item name="0" rev="6">
<attrib name="value" value="32"/></item>
</group>
<group name="SLICEL_GNDG">
<item name="0" rev="6">
<attrib name="value" value="27"/></item>
</group>
</ReportPinData>
<CmdHistory>
</CmdHistory>
</DeviceUsageSummary>
